rank,prev_rank,name,league,off,def,spi
1,1,Manchester City,Barclays Premier League,3.09,0.2,94.69
2,2,Bayern Munich,German Bundesliga,3.17,0.32,93.58
3,3,Liverpool,Barclays Premier League,2.86,0.26,92.6
4,4,Barcelona,Spanish Primera Division,2.89,0.42,90.37
5,5,Juventus,Italy Serie A,2.72,0.39,89.72
6,6,Paris Saint-Germain,French Ligue 1,2.83,0.49,88.87
7,7,Real Madrid,Spanish Primera Division,2.59,0.57,85.31
8,8,Tottenham Hotspur,Barclays Premier League,2.37,0.52,83.73
9,11,Atletico Madrid,Spanish Primera Division,2.21,0.44,83.6
10,10,Chelsea,Barclays Premier League,2.39,0.55,83.5
11,12,RB Leipzig,German Bundesliga,2.34,0.52,83.39
12,9,Borussia Dortmund,German Bundesliga,2.52,0.64,83.08
13,13,Ajax,Dutch Eredivisie,3.04,0.97,82.94
14,15,Napoli,Italy Serie A,2.49,0.65,82.5
15,17,FC Salzburg,Austrian T-Mobile Bundesliga,2.85,0.88,82.31
16,14,Bayer Leverkusen,German Bundesliga,2.42,0.63,82.23
17,16,Manchester United,Barclays Premier League,2.32,0.57,82.17
18,18,Internazionale,Italy Serie A,2.3,0.64,80.52
19,19,Arsenal,Barclays Premier League,2.38,0.72,79.93
20,20,FC Porto,Portuguese Liga,2.24,0.7,78.27
21,22,Sevilla FC,Spanish Primera Division,2.09,0.63,77.64
22,21,Everton,Barclays Premier League,2.01,0.58,77.62
23,25,Benfica,Portuguese Liga,2.32,0.8,77.31
24,26,Leicester City,Barclays Premier League,1.99,0.6,76.73
25,23,Valencia,Spanish Primera Division,2.14,0.71,76.62
26,24,AC Milan,Italy Serie A,2.07,0.69,76.12
27,30,Athletic Bilbao,Spanish Primera Division,1.84,0.56,75.3
28,28,TSG Hoffenheim,German Bundesliga,2.3,0.89,75.16
29,29,Olympiacos,Greek Super League,2.23,0.85,74.86
30,32,Real Sociedad,Spanish Primera Division,1.92,0.68,73.78
31,35,Eintracht Frankfurt,German Bundesliga,2.01,0.75,73.64
32,27,Lyon,French Ligue 1,2.09,0.81,73.63
33,31,Wolverhampton,Barclays Premier League,1.9,0.69,73.43
34,34,Eibar,Spanish Primera Division,1.92,0.7,73.34
35,37,Zenit St Petersburg,Russian Premier Liga,1.91,0.7,73.06
36,33,Getafe,Spanish Primera Division,1.78,0.64,72.49
37,39,FC Krasnodar,Russian Premier Liga,1.92,0.75,72.11
38,41,PSV,Dutch Eredivisie,2.2,0.97,71.65
39,36,AS Roma,Italy Serie A,2.03,0.87,71.19
40,38,Young Boys,Swiss Raiffeisen Super League,2.34,1.11,71.19
41,47,Crystal Palace,Barclays Premier League,1.9,0.78,71.06
42,103,Shakhtar Donetsk,UEFA Champions League,2.12,0.95,70.97
43,44,VfL Wolfsburg,German Bundesliga,1.96,0.83,70.91
44,40,Borussia Monchengladbach,German Bundesliga,2.0,0.86,70.89
45,58,Lazio,Italy Serie A,1.95,0.83,70.83
46,52,Flamengo,Brasileiro Série A,1.99,0.86,70.69
47,42,Real Betis,Spanish Primera Division,1.97,0.85,70.68
48,46,Villarreal,Spanish Primera Division,2.05,0.93,70.1
49,49,Southampton,Barclays Premier League,1.88,0.83,69.57
50,43,Palmeiras,Brasileiro Série A,1.7,0.69,69.54
51,57,West Ham United,Barclays Premier League,2.0,0.92,69.4
52,56,Schalke 04,German Bundesliga,1.83,0.8,69.39
53,50,Werder Bremen,German Bundesliga,2.01,0.94,69.29
54,53,Newcastle,Barclays Premier League,1.76,0.75,69.14
55,51,Burnley,Barclays Premier League,1.84,0.82,69.1
56,45,Leganes,Spanish Primera Division,1.65,0.69,68.76
57,63,Lille,French Ligue 1,1.79,0.8,68.5
58,61,Celta Vigo,Spanish Primera Division,1.91,0.91,68.31
59,54,AFC Bournemouth,Barclays Premier League,2.04,1.02,68.07
60,59,Club Brugge,Belgian Jupiler League,1.98,0.97,67.98
61,48,PAOK Salonika,Greek Super League,2.01,0.99,67.96
62,78,CSKA Moscow,Russian Premier Liga,1.75,0.8,67.83
63,73,Celtic,Scottish Premiership,1.95,0.97,67.42
64,74,Alavés,Spanish Primera Division,1.66,0.75,67.31
65,60,Espanyol,Spanish Primera Division,1.77,0.84,67.23
66,65,Leeds United,English League Championship,1.79,0.87,67.04
67,68,Fulham,English League Championship,1.86,0.92,67.01
68,72,Marseille,French Ligue 1,1.71,0.8,66.92
69,81,Osasuna,Spanish Primera Division,1.72,0.81,66.87
70,71,Atalanta,Italy Serie A,1.88,0.94,66.87
71,55,River Plate,Argentina Primera Division,1.8,0.88,66.68
72,76,Watford,Barclays Premier League,1.93,0.99,66.62
73,69,Dinamo Zagreb,UEFA Champions League,2.02,1.07,66.61
74,62,Galatasaray,Turkish Turkcell Super Lig,2.08,1.12,66.49
75,70,Basel,Swiss Raiffeisen Super League,2.12,1.16,66.21
76,66,FC Copenhagen,Danish SAS-Ligaen,2.02,1.08,66.21
77,64,Hertha Berlin,German Bundesliga,1.89,1.0,65.8
78,87,Granada,Spanish Primera Division,1.77,0.9,65.67
79,82,Levante,Spanish Primera Division,1.93,1.03,65.58
80,180,Dynamo Kiev,UEFA Europa League,1.9,1.02,65.44
81,67,Sporting CP,Portuguese Liga,1.88,1.01,65.15
82,79,Mainz,German Bundesliga,1.96,1.08,65.15
83,75,Fiorentina,Italy Serie A,1.86,1.0,65.14
84,89,Montpellier,French Ligue 1,1.59,0.79,64.89
85,84,Brighton and Hove Albion,Barclays Premier League,1.7,0.88,64.86
86,80,Real Valladolid,Spanish Primera Division,1.68,0.87,64.65
87,85,Fortuna Düsseldorf,German Bundesliga,1.88,1.05,64.36
88,92,Nantes,French Ligue 1,1.6,0.82,64.27
89,77,Lokomotiv Moscow,Russian Premier Liga,1.72,0.92,64.24
90,97,Sheffield United,Barclays Premier League,1.68,0.89,64.23
91,93,Genk,Belgian Jupiler League,1.85,1.03,64.09
92,83,Aston Villa,Barclays Premier League,1.71,0.92,64.02
93,91,Guangzhou Evergrande,Chinese Super League,1.91,1.1,63.79
94,88,Mallorca,Spanish Primera Division,1.7,0.92,63.78
95,102,FC Cologne,German Bundesliga,1.7,0.93,63.77
96,94,Torino,Italy Serie A,1.78,0.99,63.69
97,98,Ludogorets,UEFA Europa League,1.66,0.91,63.34
98,95,Los Angeles FC,Major League Soccer,2.19,1.36,63.24
99,96,Norwich City,Barclays Premier League,1.71,0.97,62.87
100,86,Boca Juniors,Argentina Primera Division,1.56,0.84,62.75
101,90,St Etienne,French Ligue 1,1.67,0.94,62.56
102,101,Red Star Belgrade,UEFA Champions League,2.0,1.23,62.4
103,107,Angers,French Ligue 1,1.61,0.91,62.11
104,109,Sassuolo,Italy Serie A,1.73,1.02,61.9
105,127,Bologna,Italy Serie A,1.66,0.96,61.89
106,99,SC Freiburg,German Bundesliga,1.78,1.07,61.73
107,100,Santos,Brasileiro Série A,1.64,0.96,61.64
108,108,AS Monaco,French Ligue 1,1.69,1.01,61.52
109,110,Nice,French Ligue 1,1.55,0.89,61.49
110,105,Besiktas,Turkish Turkcell Super Lig,2.01,1.3,61.05
111,119,Genoa,Italy Serie A,1.72,1.07,60.68
112,113,Udinese,Italy Serie A,1.64,1.0,60.62
113,116,Slavia Prague,UEFA Champions League,1.84,1.19,60.34
114,114,Grêmio,Brasileiro Série A,1.49,0.88,60.12
115,126,FC Midtjylland,Danish SAS-Ligaen,1.7,1.09,59.76
116,106,Rangers,Scottish Premiership,1.82,1.2,59.76
117,111,Stade Rennes,French Ligue 1,1.64,1.04,59.64
118,122,Atlético Paranaense,Brasileiro Série A,1.51,0.93,59.44
119,133,Bordeaux,French Ligue 1,1.45,0.88,59.38
120,120,Fenerbahce,Turkish Turkcell Super Lig,1.72,1.13,59.28
121,117,Cagliari,Italy Serie A,1.6,1.03,59.19
122,124,Beijing Guoan,Chinese Super League,1.72,1.14,58.99
123,104,Sampdoria,Italy Serie A,1.66,1.09,58.96
124,115,LASK Linz,Austrian T-Mobile Bundesliga,1.65,1.08,58.93
125,,Apoel Nicosia,UEFA Europa League,1.64,1.07,58.93
126,131,Reims,French Ligue 1,1.44,0.9,58.72
127,132,SC Paderborn,German Bundesliga,1.61,1.05,58.62
128,135,1. FC Union Berlin,German Bundesliga,1.59,1.04,58.58
129,128,Shanghai SIPG,Chinese Super League,1.68,1.12,58.52
130,129,FC Augsburg,German Bundesliga,1.83,1.26,58.48
131,118,Monterrey,Mexican Primera Division Torneo Apertura,1.62,1.07,58.43
132,123,Strasbourg,French Ligue 1,1.52,0.99,58.29
133,130,FC Astana,UEFA Europa League,1.7,1.15,58.29
134,134,Feyenoord,Dutch Eredivisie,1.8,1.24,58.27
135,149,Brentford,English League Championship,1.54,1.01,58.23
136,136,Nimes,French Ligue 1,1.66,1.12,58.12
137,147,Malmo FF,Swedish Allsvenskan,1.53,1.02,57.73
138,121,Braga,Portuguese Liga,1.6,1.08,57.71
139,139,Tigres UANL,Mexican Primera Division Torneo Apertura,1.49,0.98,57.61
140,143,Brescia,Italy Serie A,1.53,1.03,57.46
141,112,Club América,Mexican Primera Division Torneo Apertura,1.52,1.02,57.45
142,125,São Paulo,Brasileiro Série A,1.31,0.83,57.4
143,137,Corinthians,Brasileiro Série A,1.24,0.77,57.36
144,142,Parma,Italy Serie A,1.54,1.05,57.2
145,140,Trabzonspor,Turkish Turkcell Super Lig,1.78,1.27,57.17
146,138,Spartak Moscow,Russian Premier Liga,1.48,1.01,56.77
147,146,Vitesse,Dutch Eredivisie,1.89,1.4,56.65
148,150,West Bromwich Albion,English League Championship,1.59,1.14,56.12
149,144,Toulouse,French Ligue 1,1.5,1.07,55.75
150,145,Standard Liege,Belgian Jupiler League,1.69,1.25,55.73
151,148,Internacional,Brasileiro Série A,1.37,0.96,55.62
152,152,Atletico Mineiro,Brasileiro Série A,1.46,1.06,55.1
153,153,Bahía,Brasileiro Série A,1.28,0.91,54.61
154,166,Santos Laguna,Mexican Primera Division Torneo Apertura,1.62,1.26,54.15
155,141,Spal,Italy Serie A,1.53,1.17,53.89
156,157,AZ,Dutch Eredivisie,1.58,1.24,53.65
157,151,AEK Athens,Greek Super League,1.52,1.17,53.63
158,156,Metz,French Ligue 1,1.43,1.1,53.54
159,176,Swansea City,English League Championship,1.54,1.2,53.52
160,155,Amiens,French Ligue 1,1.31,0.98,53.51
161,159,Verona,Italy Serie A,1.46,1.13,53.44
162,167,Istanbul Basaksehir,Turkish Turkcell Super Lig,1.42,1.09,53.32
163,160,Cruz Azul,Mexican Primera Division Torneo Apertura,1.43,1.11,53.21
164,164,Huddersfield Town,English League Championship,1.49,1.18,53.02
165,162,KAA Gent,Belgian Jupiler League,1.62,1.31,53.0
166,165,Molde,Norwegian Tippeligaen,1.86,1.54,52.92
167,158,León,Mexican Primera Division Torneo Apertura,1.59,1.28,52.9
168,168,Racing Club,Argentina Primera Division,1.38,1.09,52.61
169,161,Lecce,Italy Serie A,1.46,1.17,52.41
170,169,FC Arsenal Tula,Russian Premier Liga,1.43,1.14,52.41
171,189,Rio Ave,Portuguese Liga,1.55,1.27,52.23
172,171,Cardiff City,English League Championship,1.47,1.19,52.2
173,177,Girona FC,Spanish Segunda Division,1.47,1.2,52.01
174,192,Kashima Antlers,Japanese J League,1.53,1.26,51.81
175,194,Rostov,Russian Premier Liga,1.28,1.02,51.74
176,172,Dijon FCO,French Ligue 1,1.36,1.11,51.67
177,170,Brest,French Ligue 1,1.43,1.17,51.65
178,175,Bristol City,English League Championship,1.5,1.24,51.6
179,174,Stoke City,English League Championship,1.35,1.1,51.54
180,181,Guimaraes,Portuguese Liga,1.37,1.13,51.13
181,,Ferencvaros,UEFA Europa League,1.51,1.28,51.03
182,182,VfB Stuttgart,German 2. Bundesliga,1.56,1.33,50.99
183,193,Wolfsberger AC,Austrian T-Mobile Bundesliga,1.6,1.38,50.86
184,179,Nottingham Forest,English League Championship,1.34,1.13,50.75
185,183,Atlanta United FC,Major League Soccer,1.59,1.38,50.58
186,188,Dinamo Moscow,Russian Premier Liga,1.13,0.92,50.57
187,154,Brondby,Danish SAS-Ligaen,1.66,1.45,50.56
188,187,Fluminense,Brasileiro Série A,1.41,1.21,50.45
189,221,IFK Norrkoping,Swedish Allsvenskan,1.44,1.24,50.38
190,178,Pachuca,Mexican Primera Division Torneo Apertura,1.55,1.36,50.14
191,190,FK Qarabag,UEFA Europa League,1.33,1.15,49.91
192,186,CA Independiente,Argentina Primera Division,1.31,1.13,49.84
193,185,Cruzeiro,Brasileiro Série A,1.25,1.07,49.82
194,184,Velez Sarsfield,Argentina Primera Division,1.29,1.11,49.78
195,173,Derby County,English League Championship,1.4,1.23,49.67
196,201,Queens Park Rangers,English League Championship,1.42,1.25,49.46
197,196,Djurgardens IF,Swedish Allsvenskan,1.27,1.1,49.44
198,207,Rapid Vienna,Austrian T-Mobile Bundesliga,1.51,1.35,49.36
199,199,New York City FC,Major League Soccer,1.58,1.43,49.31
200,214,Vasco da Gama,Brasileiro Série A,1.25,1.1,49.13
201,198,Shandong Luneng,Chinese Super League,1.52,1.38,49.07
202,200,Anderlecht,Belgian Jupiler League,1.32,1.18,48.89
203,213,BK Hacken,Swedish Allsvenskan,1.36,1.23,48.49
204,205,Middlesbrough,English League Championship,1.32,1.2,48.41
205,197,Kawasaki Frontale,Japanese J League,1.39,1.27,48.31
206,210,Hamburg SV,German 2. Bundesliga,1.4,1.29,48.26
207,202,Jiangsu Suning FC,Chinese Super League,1.4,1.29,48.16
208,225,AIK,Swedish Allsvenskan,1.25,1.14,48.16
209,,FK Partizan Belgrade,UEFA Europa League,1.38,1.28,48.0
210,215,Preston North End,English League Championship,1.32,1.22,47.91
211,220,Rayo Vallecano,Spanish Segunda Division,1.43,1.35,47.68
212,204,Blackburn,English League Championship,1.32,1.23,47.62
213,222,Gazovik Orenburg,Russian Premier Liga,1.4,1.32,47.5
214,244,ADO Den Haag,Dutch Eredivisie,1.64,1.6,47.13
215,237,SK Sturm Graz,Austrian T-Mobile Bundesliga,1.24,1.17,47.06
216,203,FC Ufa,Russian Premier Liga,1.16,1.09,46.97
217,212,Ceará,Brasileiro Série A,1.11,1.05,46.75
218,191,FC Utrecht,Dutch Eredivisie,1.61,1.59,46.64
219,219,Portimonense,Portuguese Liga,1.33,1.28,46.6
220,230,Pumas Unam,Mexican Primera Division Torneo Apertura,1.3,1.25,46.59
221,206,Sheffield Wednesday,English League Championship,1.28,1.24,46.53
222,226,Arizona United,United Soccer League,1.66,1.65,46.52
223,227,Philadelphia Union,Major League Soccer,1.56,1.55,46.4
224,235,Caykur Rizespor,Turkish Turkcell Super Lig,1.38,1.36,46.25
225,218,Botafogo,Brasileiro Série A,1.2,1.17,46.2
226,216,KV Kortrijk,Belgian Jupiler League,1.46,1.46,46.05
227,223,San Lorenzo,Argentina Primera Division,1.21,1.19,45.95
228,224,Hammarby,Swedish Allsvenskan,1.69,1.7,45.94
229,228,Millwall,English League Championship,1.19,1.17,45.87
230,240,Necaxa,Mexican Primera Division Torneo Apertura,1.33,1.33,45.59
231,217,Antwerp,Belgian Jupiler League,1.34,1.35,45.47
232,211,Terek Grozny,Russian Premier Liga,1.08,1.07,45.27
233,,CFR 1907 Cluj,UEFA Europa League,1.43,1.46,45.27
234,231,FC Nordsjaelland,Danish SAS-Ligaen,1.44,1.47,45.26
235,245,Banfield,Argentina Primera Division,1.17,1.18,45.18
236,238,Hull City,English League Championship,1.37,1.4,45.15
237,252,Newell's Old Boys,Argentina Primera Division,1.2,1.22,45.11
238,236,Moreirense,Portuguese Liga,1.18,1.19,45.07
239,229,Birmingham,English League Championship,1.22,1.25,45.0
240,253,Alanyaspor,Turkish Turkcell Super Lig,1.35,1.38,44.92
241,255,Mouscron-Peruwelz,Belgian Jupiler League,1.24,1.28,44.69
242,246,Guadalajara,Mexican Primera Division Torneo Apertura,1.26,1.31,44.55
243,234,Tijuana,Mexican Primera Division Torneo Apertura,1.27,1.33,44.44
244,251,Boavista,Portuguese Liga,1.14,1.18,44.38
245,243,Defensa y Justicia,Argentina Primera Division,1.09,1.12,44.34
246,263,Querétaro,Mexican Primera Division Torneo Apertura,1.24,1.29,44.31
247,285,Fortaleza,Brasileiro Série A,1.25,1.3,44.26
248,232,Hannover 96,German 2. Bundesliga,1.36,1.43,44.17
249,260,Famalicao,Portuguese Liga,1.28,1.34,44.14
250,241,Guingamp,French Ligue 2,1.32,1.4,43.96
251,322,AaB,Danish SAS-Ligaen,1.27,1.35,43.88
252,292,Sochi,Russian Premier Liga,1.17,1.23,43.78
253,284,Talleres de Córdoba,Argentina Primera Division,1.08,1.15,43.68
254,262,FC Luzern,Swiss Raiffeisen Super League,1.35,1.45,43.62
255,209,Rubin Kazan,Russian Premier Liga,0.98,1.04,43.58
256,272,Yokohama F. Marinos,Japanese J League,1.49,1.61,43.53
257,308,AGF Aarhus,Danish SAS-Ligaen,1.21,1.3,43.49
258,,Slovan Bratislava,UEFA Europa League,1.16,1.24,43.47
259,242,Lorient,French Ligue 2,1.33,1.43,43.44
260,265,FC Tokyo,Japanese J League,1.11,1.19,43.43
261,274,Gil Vicente,Portuguese Liga,1.24,1.34,43.4
262,305,Sporting de Charleroi,Belgian Jupiler League,1.34,1.45,43.39
263,254,FC Lugano,Swiss Raiffeisen Super League,1.26,1.36,43.37
264,248,Toluca,Mexican Primera Division Torneo Apertura,1.23,1.33,43.34
265,258,Perth Glory,Australian A-League,1.36,1.47,43.32
266,259,Chapecoense AF,Brasileiro Série A,1.15,1.23,43.32
267,239,FK Austria Vienna,Austrian T-Mobile Bundesliga,1.53,1.66,43.23
268,,PFC Oleksandriya,UEFA Europa League,1.28,1.39,43.17
269,290,FC Sion,Swiss Raiffeisen Super League,1.24,1.35,43.17
270,267,Lanus,Argentina Primera Division,1.15,1.24,43.12
271,280,Sanfrecce Hiroshima,Japanese J League,1.12,1.21,43.12
272,264,Santa Clara,Portuguese Liga,1.17,1.27,43.12
273,282,Ural Sverdlovsk Oblast,Russian Premier Liga,1.41,1.54,43.06
274,270,Troyes,French Ligue 2,1.11,1.21,43.05
275,250,Sivasspor,Turkish Turkcell Super Lig,1.44,1.57,43.01
276,281,Morelia,Mexican Primera Division Torneo Apertura,1.21,1.33,42.8
277,256,Desportivo Aves,Portuguese Liga,1.24,1.36,42.79
278,257,Aris Salonika,Greek Super League,1.31,1.44,42.76
279,249,Reading,English League Championship,1.21,1.34,42.57
280,261,Odense BK,Danish SAS-Ligaen,1.18,1.31,42.55
281,269,Rosenborg,Norwegian Tippeligaen,1.37,1.53,42.49
282,277,Konyaspor,Turkish Turkcell Super Lig,1.1,1.21,42.48
283,247,New York Red Bulls,Major League Soccer,1.42,1.59,42.43
284,268,Sporting Kansas City,Major League Soccer,1.36,1.51,42.35
285,298,San Jose Earthquakes,Major League Soccer,1.5,1.69,42.25
286,296,Cerezo Osaka,Japanese J League,1.0,1.11,42.23
287,275,Union Santa Fe,Argentina Primera Division,1.08,1.21,42.23
288,271,Seattle Sounders FC,Major League Soccer,1.4,1.58,42.01
289,307,St. Truidense,Belgian Jupiler League,1.18,1.33,41.94
290,309,FC Twente,Dutch Eredivisie,1.33,1.51,41.89
291,306,SV Zulte Waregem,Belgian Jupiler League,1.42,1.61,41.76
292,276,Sparta,Dutch Eredivisie,1.35,1.54,41.64
293,278,Portland Timbers,Major League Soccer,1.44,1.64,41.63
294,297,FC Dallas,Major League Soccer,1.34,1.54,41.58
295,286,Pacos Ferreira,Portuguese Liga,1.18,1.35,41.58
296,303,St Gallen,Swiss Raiffeisen Super League,1.37,1.57,41.55
297,293,Dalian Aerbin,Chinese Super League,1.38,1.58,41.54
298,273,Empoli,Italy Serie B,1.28,1.47,41.51
299,312,Los Angeles Galaxy,Major League Soccer,1.57,1.8,41.4
300,287,Vitoria Setubal,Portuguese Liga,1.03,1.18,41.37
301,283,Atromitos,Greek Super League,1.14,1.32,41.27
302,288,Málaga,Spanish Segunda Division,1.03,1.19,41.21
303,279,Yeni Malatyaspor,Turkish Turkcell Super Lig,1.33,1.54,41.2
304,291,Argentinos Juniors,Argentina Primera Division,1.02,1.18,41.19
305,304,Estudiantes,Argentina Primera Division,1.02,1.19,40.94
306,294,Goiás,Brasileiro Série A,1.13,1.32,40.9
307,320,Chicago Fire,Major League Soccer,1.31,1.54,40.89
308,315,Tondela,Portuguese Liga,1.25,1.47,40.61
309,295,Krylia Sovetov,Russian Premier Liga,1.16,1.37,40.58
310,299,Wigan,English League Championship,1.18,1.4,40.53
311,289,FC Groningen,Dutch Eredivisie,1.07,1.28,40.19
312,311,Real Salt Lake,Major League Soccer,1.13,1.35,40.17
313,302,Belenenses,Portuguese Liga,1.08,1.3,40.05
314,313,Mamelodi Sundowns,South African ABSA Premier League,1.12,1.35,40.02
315,319,FC Tambov,Russian Premier Liga,1.12,1.37,39.75
316,325,Rosario Central,Argentina Primera Division,1.04,1.27,39.71
317,314,Shanghai Greenland,Chinese Super League,1.34,1.63,39.62
318,348,Atlas,Mexican Primera Division Torneo Apertura,1.16,1.43,39.42
319,324,Toronto FC,Major League Soccer,1.34,1.64,39.41
320,321,Arsenal Sarandi,Argentina Primera Division,1.1,1.36,39.4
321,326,Cadiz,Spanish Segunda Division,1.08,1.35,39.11
322,317,Heerenveen,Dutch Eredivisie,1.38,1.71,38.82
323,327,Tianjin Teda,Chinese Super League,1.22,1.53,38.77
324,310,Huracán,Argentina Primera Division,1.08,1.36,38.72
325,300,Deportivo La Coruña,Spanish Segunda Division,1.12,1.41,38.7
326,316,Cashpoint SC Rheindorf Altach,Austrian T-Mobile Bundesliga,1.37,1.71,38.69
327,336,Luton Town,English League Championship,1.18,1.48,38.66
328,329,Minnesota United FC,Major League Soccer,1.28,1.61,38.62
329,331,Sydney FC,Australian A-League,1.16,1.47,38.56
330,351,Hartberg,Austrian T-Mobile Bundesliga,1.48,1.85,38.55
331,344,Bodo/Glimt,Norwegian Tippeligaen,1.49,1.87,38.47
332,343,Consadole Sapporo,Japanese J League,1.23,1.57,38.29
333,301,Sunderland,English League One,1.27,1.61,38.28
334,328,Avaí,Brasileiro Série A,1.0,1.29,38.18
335,397,IFK Goteborg,Swedish Allsvenskan,1.14,1.47,38.17
336,339,Puebla,Mexican Primera Division Torneo Apertura,1.13,1.45,38.1
337,340,Almeria,Spanish Segunda Division,1.01,1.31,38.04
338,372,Le Havre,French Ligue 2,1.21,1.55,38.03
339,354,Charlton Athletic,English League Championship,1.12,1.45,37.96
340,330,Maritimo,Portuguese Liga,1.08,1.4,37.89
341,334,Goztepe,Turkish Turkcell Super Lig,1.03,1.35,37.88
342,337,Atlético Tucumán,Argentina Primera Division,1.06,1.38,37.8
343,341,KV Mechelen,Belgian Jupiler League,1.18,1.52,37.78
344,333,Vissel Kobe,Japanese J League,1.5,1.91,37.77
345,346,1. FC Nürnberg,German 2. Bundesliga,1.17,1.52,37.7
346,355,Sporting Gijón,Spanish Segunda Division,0.98,1.29,37.61
347,353,Patronato,Argentina Primera Division,1.05,1.37,37.59
348,335,Willem II,Dutch Eredivisie,1.45,1.86,37.58
349,342,Hebei China Fortune FC,Chinese Super League,1.22,1.59,37.45
350,367,Ipswich Town,English League One,1.24,1.62,37.39
351,338,Colon Santa Fe,Argentina Primera Division,0.98,1.3,37.35
352,345,Lens,French Ligue 2,1.0,1.33,37.31
353,356,Central Córdoba Santiago del Estero,Argentina Primera Division,1.02,1.37,37.23
354,349,Wuhan Zall,Chinese Super League,1.13,1.5,37.22
355,370,Aberdeen,Scottish Premiership,1.16,1.54,37.19
356,350,Arminia Bielefeld,German 2. Bundesliga,1.21,1.6,37.19
357,402,Servette,Swiss Raiffeisen Super League,1.12,1.5,36.88
358,390,OFI Crete,Greek Super League,1.08,1.47,36.68
359,366,SD Huesca,Spanish Segunda Division,1.07,1.45,36.67
360,359,Aldosivi,Argentina Primera Division,0.94,1.3,36.46
361,323,Caen,French Ligue 2,1.07,1.46,36.45
362,332,Panathinaikos,Greek Super League,1.01,1.39,36.43
363,358,Chongqing Lifan,Chinese Super League,1.12,1.53,36.25
364,375,VVV Venlo,Dutch Eredivisie,1.32,1.77,36.24
365,360,Real Zaragoza,Spanish Segunda Division,1.05,1.44,36.24
366,373,Ankaragucu,Turkish Turkcell Super Lig,1.05,1.44,36.22
367,352,Randers FC,Danish SAS-Ligaen,1.07,1.48,36.13
368,384,Heracles,Dutch Eredivisie,1.36,1.84,36.1
369,401,Denizlispor,Turkish Turkcell Super Lig,1.04,1.46,35.83
370,395,PEC Zwolle,Dutch Eredivisie,1.29,1.76,35.81
371,365,Guangzhou RF,Chinese Super League,1.49,2.02,35.68
372,379,KV Oostende,Belgian Jupiler League,1.1,1.53,35.63
373,376,Kayserispor,Turkish Turkcell Super Lig,1.12,1.57,35.58
374,364,New England Revolution,Major League Soccer,1.33,1.83,35.52
375,347,Holstein Kiel,German 2. Bundesliga,1.26,1.76,35.2
376,414,Gazisehir Gaziantep,Turkish Turkcell Super Lig,1.15,1.62,35.18
377,374,Godoy Cruz,Argentina Primera Division,1.0,1.44,35.18
378,410,Jahn Regensburg,German 2. Bundesliga,1.29,1.81,35.18
379,378,Gimnasia La Plata,Argentina Primera Division,0.97,1.4,35.1
380,361,Columbus Crew,Major League Soccer,1.1,1.57,35.0
381,387,Barnsley,English League Championship,1.04,1.5,34.94
382,363,Kasimpasa,Turkish Turkcell Super Lig,1.24,1.76,34.87
383,318,Thun,Swiss Raiffeisen Super League,1.18,1.69,34.6
384,383,Melbourne City,Australian A-League,1.03,1.51,34.57
385,368,Antalyaspor,Turkish Turkcell Super Lig,1.13,1.64,34.52
386,385,F91 Dudelange,UEFA Europa League,1.29,1.83,34.49
387,369,Sonderjyske,Danish SAS-Ligaen,1.07,1.56,34.44
388,362,WSG Swarovski Wattens,Austrian T-Mobile Bundesliga,1.13,1.65,34.26
389,392,New York Red Bulls II,United Soccer League,1.44,2.04,34.25
390,388,SK Brann,Norwegian Tippeligaen,1.04,1.54,34.23
391,413,Atlético San Luis,Mexican Primera Division Torneo Apertura,0.96,1.44,34.13
392,394,FC Zurich,Swiss Raiffeisen Super League,1.08,1.6,34.03
393,403,Kilmarnock,Scottish Premiership,0.87,1.33,33.94
394,400,Asteras Tripolis,Greek Super League,0.85,1.3,33.9
395,436,Odd BK,Norwegian Tippeligaen,1.08,1.61,33.84
396,396,Henan Jianye,Chinese Super League,1.07,1.6,33.81
397,398,Tianjin Quanujian,Chinese Super League,1.1,1.64,33.78
398,399,Newcastle Jets,Australian A-League,1.26,1.84,33.78
399,377,Orlando City SC,Major League Soccer,1.11,1.66,33.76
400,424,DC United,Major League Soccer,1.16,1.72,33.72
401,386,Clermont Foot,French Ligue 2,0.95,1.45,33.67
402,419,Benevento,Italy Serie B,1.05,1.59,33.47
403,431,SV Sandhausen,German 2. Bundesliga,1.07,1.62,33.43
404,393,Orlando Pirates,South African ABSA Premier League,0.93,1.44,33.25
405,391,Esbjerg,Danish SAS-Ligaen,0.98,1.5,33.22
406,404,Chievo Verona,Italy Serie B,1.06,1.62,33.16
407,429,Nashville SC,United Soccer League,1.06,1.61,33.15
408,425,VfL Osnabruck,German 2. Bundesliga,1.02,1.58,33.02
409,371,Valerenga,Norwegian Tippeligaen,1.24,1.86,32.99
410,447,Kristiansund BK,Norwegian Tippeligaen,1.05,1.62,32.96
411,389,1. FC Heidenheim 1846,German 2. Bundesliga,1.15,1.74,32.93
412,420,Neuchatel Xamax,Swiss Raiffeisen Super League,1.08,1.66,32.93
413,423,CSA,Brasileiro Série A,0.91,1.43,32.91
414,405,Bidvest Wits,South African ABSA Premier League,0.98,1.53,32.85
415,409,Las Palmas,Spanish Segunda Division,0.99,1.55,32.63
416,418,VfL Bochum,German 2. Bundesliga,1.16,1.78,32.46
417,415,Houston Dynamo,Major League Soccer,1.19,1.83,32.45
418,412,Nagoya Grampus Eight,Japanese J League,1.23,1.88,32.38
419,380,RKC,Dutch Eredivisie,1.12,1.75,32.32
420,426,Lamia,Greek Super League,0.89,1.44,32.25
421,441,SV Mattersburg,Austrian T-Mobile Bundesliga,1.12,1.74,32.19
422,468,FC Xanthi,Greek Super League,0.88,1.43,32.07
423,411,Tampa Bay Rowdies,United Soccer League,1.06,1.67,32.02
424,407,Albacete,Spanish Segunda Division,0.88,1.44,31.94
425,444,Fuenlabrada,Spanish Segunda Division,1.01,1.61,31.92
426,427,Larissa,Greek Super League,0.8,1.33,31.9
427,422,Dynamo Dresden,German 2. Bundesliga,1.01,1.62,31.84
428,446,Colorado Rapids,Major League Soccer,1.23,1.93,31.52
429,432,Shenzhen FC,Chinese Super League,0.94,1.55,31.45
430,381,Montreal Impact,Major League Soccer,1.12,1.8,31.39
431,408,Emmen,Dutch Eredivisie,1.1,1.77,31.37
432,435,Melbourne Victory,Australian A-League,1.15,1.84,31.32
433,417,Frosinone,Italy Serie B,1.03,1.69,31.03
434,456,FC Juárez,Mexican Primera Division Torneo Apertura,0.93,1.56,31.02
435,430,Gamba Osaka,Japanese J League,1.0,1.66,30.91
436,438,Hobro IK,Danish SAS-Ligaen,0.95,1.6,30.86
437,406,Haugesund,Norwegian Tippeligaen,1.01,1.68,30.83
438,437,Real Oviedo,Spanish Segunda Division,0.95,1.6,30.66
439,416,Genclerbirligi,Turkish Turkcell Super Lig,1.0,1.69,30.41
440,478,SD Ponferradina,Spanish Segunda Division,0.99,1.68,30.36
441,458,FC St. Pauli,German 2. Bundesliga,1.05,1.76,30.32
442,451,Crotone,Italy Serie B,0.92,1.58,30.32
443,443,Lobos de la BUAP,Mexican Primera Division Torneo Clausura,0.98,1.67,30.3
444,445,Perugia,Italy Serie B,0.96,1.65,30.2
445,469,Auxerre,French Ligue 2,0.82,1.45,30.11
446,450,Urawa Red Diamonds,Japanese J League,0.99,1.71,29.84
447,463,Kaizer Chiefs,South African ABSA Premier League,0.83,1.49,29.79
448,439,Extremadura UD,Spanish Segunda Division,0.76,1.4,29.62
449,455,SpVgg Greuther Fürth,German 2. Bundesliga,0.95,1.67,29.62
450,448,Elche,Spanish Segunda Division,0.95,1.67,29.54
451,498,Pittsburgh Riverhounds,United Soccer League,1.04,1.8,29.51
452,484,Motherwell,Scottish Premiership,1.05,1.82,29.46
453,477,Valenciennes,French Ligue 2,0.97,1.71,29.45
454,467,Orebro SK,Swedish Allsvenskan,1.15,1.95,29.42
455,476,Volos NFC,Greek Super League,0.94,1.66,29.39
456,433,Hibernian,Scottish Premiership,0.95,1.68,29.3
457,457,Adelaide United,Australian A-League,0.93,1.66,29.25
458,428,FC Trenkwalder Admira,Austrian T-Mobile Bundesliga,1.16,1.98,29.08
459,453,Spezia,Italy Serie B,0.95,1.69,29.07
460,454,Karlsruher SC,German 2. Bundesliga,1.05,1.83,29.06
461,475,Cercle Brugge,Belgian Jupiler League,1.11,1.92,28.91
462,464,Paris FC,French Ligue 2,0.69,1.33,28.86
463,472,Racing Santander,Spanish Segunda Division,0.92,1.67,28.84
464,459,Oita Trinita,Japanese J League,0.74,1.4,28.79
465,434,Waasland-Beveren,Belgian Jupiler League,1.08,1.89,28.67
466,483,Numancia,Spanish Segunda Division,0.83,1.57,28.37
467,442,Tenerife,Spanish Segunda Division,0.91,1.69,28.26
468,473,Panetolikos,Greek Super League,0.93,1.72,28.24
469,462,Black Aces,South African ABSA Premier League,0.91,1.69,28.23
470,504,Peterborough United,English League One,1.0,1.82,28.22
471,471,Shonan Bellmare,Japanese J League,1.02,1.85,28.15
472,466,Vegalta Sendai,Japanese J League,0.96,1.76,28.06
473,488,Erzgebirge Aue,German 2. Bundesliga,0.92,1.72,27.88
474,460,St. Pölten,Austrian T-Mobile Bundesliga,0.92,1.73,27.85
475,474,SV Darmstadt 98,German 2. Bundesliga,0.89,1.69,27.61
476,480,Western Sydney FC,Australian A-League,1.14,2.05,27.57
477,449,Eupen,Belgian Jupiler League,0.99,1.84,27.57
478,470,Mirandes,Spanish Segunda Division,0.91,1.74,27.43
479,482,Portsmouth,English League One,0.96,1.81,27.38
480,481,Hearts,Scottish Premiership,0.91,1.74,27.33
481,497,Burton Albion,English League One,0.91,1.75,27.2
482,461,Lugo,Spanish Segunda Division,0.84,1.66,27.11
483,493,Niort,French Ligue 2,0.71,1.46,27.09
484,485,Panionios,Greek Super League,0.85,1.67,27.06
485,496,Indy Eleven,United Soccer League,0.82,1.62,27.06
486,465,Reno 1868 FC,United Soccer League,1.18,2.15,27.01
487,491,Fortuna Sittard,Dutch Eredivisie,1.15,2.1,26.97
488,515,AD Alcorcon,Spanish Segunda Division,0.77,1.57,26.72
489,505,Lyngby,Danish SAS-Ligaen,0.87,1.73,26.6
490,452,North Carolina FC,United Soccer League,1.03,1.97,26.53
491,502,Oxford United,English League One,1.02,1.97,26.22
492,495,Guizhou Renhe,Chinese Super League,0.89,1.79,26.2
493,486,Cittadella,Italy Serie B,0.88,1.76,26.19
494,494,AS Nancy Lorraine,French Ligue 2,0.8,1.66,25.95
495,479,SV Wehen Wiesbaden,German 2. Bundesliga,0.95,1.89,25.92
496,507,Livingston,Scottish Premiership,0.9,1.82,25.73
497,501,Silkeborg,Danish SAS-Ligaen,1.0,1.98,25.69
498,489,Sarpsborg,Norwegian Tippeligaen,0.89,1.83,25.48
499,509,Rodez,French Ligue 2,0.83,1.73,25.41
500,492,Orléans,French Ligue 2,0.84,1.77,25.27
501,510,Stabaek,Norwegian Tippeligaen,0.87,1.81,25.2
502,526,SuperSport United,South African ABSA Premier League,0.7,1.56,25.13
503,524,Lincoln City,English League One,0.86,1.81,24.99
504,508,Louisville City FC,United Soccer League,0.87,1.83,24.98
505,516,IF Elfsborg,Swedish Allsvenskan,0.91,1.89,24.92
506,511,Doncaster Rovers,English League One,0.92,1.91,24.89
507,534,Le Mans,French Ligue 2,0.84,1.79,24.78
508,513,Viking FK,Norwegian Tippeligaen,0.96,1.97,24.68
509,490,Shimizu S-Pulse,Japanese J League,1.06,2.13,24.64
510,525,Sagan Tosu,Japanese J League,0.78,1.72,24.58
511,503,Sochaux,French Ligue 2,0.64,1.49,24.57
512,517,Grenoble,French Ligue 2,0.82,1.8,24.32
513,519,Wellington Phoenix,Australian A-League,1.07,2.17,24.27
514,536,Vancouver Whitecaps,Major League Soccer,0.92,1.96,24.16
515,521,Chambly Thelle FC,French Ligue 2,0.66,1.55,24.15
516,535,Coventry City,English League One,0.81,1.79,24.15
517,514,FC Cincinnati,Major League Soccer,0.96,2.02,24.14
518,518,Cremonese,Italy Serie B,0.7,1.62,24.06
519,499,Östersunds FK,Swedish Allsvenskan,0.86,1.88,23.92
520,531,US Pescara,Italy Serie B,0.84,1.86,23.86
521,512,Milton Keynes Dons,English League One,0.91,1.97,23.75
522,506,Veracruz,Mexican Primera Division Torneo Apertura,0.89,1.95,23.67
523,500,AC Horsens,Danish SAS-Ligaen,0.81,1.82,23.66
524,538,Lillestrom,Norwegian Tippeligaen,0.93,2.01,23.62
525,528,Real Monarchs SLC,United Soccer League,1.06,2.21,23.55
526,527,Bloem Celtic,South African ABSA Premier League,0.76,1.78,23.22
527,487,San Antonio FC,United Soccer League,1.02,2.18,23.17
528,522,AC Ajaccio,French Ligue 2,0.64,1.59,23.08
529,529,Chateauroux,French Ligue 2,0.65,1.6,23.02
530,520,Ross County,Scottish Premiership,0.8,1.88,22.71
531,548,Orange County SC,United Soccer League,0.88,2.01,22.58
532,541,Salernitana,Italy Serie B,0.75,1.8,22.55
533,540,Blackpool,English League One,0.74,1.79,22.38
534,530,Fleetwood Town,English League One,0.76,1.83,22.3
535,532,Fresno FC,United Soccer League,0.78,1.86,22.26
536,547,Highlands Park FC,South African ABSA Premier League,0.7,1.76,22.04
537,537,Sacramento Republic FC,United Soccer League,0.71,1.77,21.94
538,539,Cosenza,Italy Serie B,0.65,1.68,21.93
539,523,GIF Sundsvall,Swedish Allsvenskan,0.73,1.82,21.76
540,544,Rotherham United,English League One,0.75,1.86,21.59
541,533,Mjondalen,Norwegian Tippeligaen,0.87,2.1,21.13
542,546,St Mirren,Scottish Premiership,0.7,1.82,21.04
543,545,St Johnstone,Scottish Premiership,0.7,1.83,21.0
544,551,Virtus Entella,Italy Serie B,0.71,1.84,20.92
545,552,IK Sirius,Swedish Allsvenskan,0.87,2.11,20.87
546,571,Gillingham,English League One,0.78,1.98,20.8
547,550,Ascoli,Italy Serie B,0.72,1.88,20.76
548,570,Tromso,Norwegian Tippeligaen,0.96,2.29,20.52
549,554,Ranheim,Norwegian Tippeligaen,0.85,2.11,20.48
550,556,Livorno,Italy Serie B,0.66,1.81,20.45
551,549,Bradford City,English League Two,0.71,1.9,20.17
552,555,Polokwane City FC,South African ABSA Premier League,0.58,1.69,20.14
553,559,Oklahoma City Energy FC,United Soccer League,0.77,2.02,20.07
554,553,Helsingborgs IF,Swedish Allsvenskan,0.69,1.88,19.97
555,561,F.B.C Unione Venezia,Italy Serie B,0.65,1.82,19.95
556,566,Pordenone Calcio,Italy Serie B,0.72,1.95,19.82
557,568,Austin Bold FC,United Soccer League,0.81,2.12,19.6
558,557,Juve Stabia,Italy Serie B,0.67,1.89,19.53
559,543,Ottawa Fury FC,United Soccer League,0.7,1.93,19.49
560,562,Stromsgodset,Norwegian Tippeligaen,0.85,2.19,19.44
561,573,Portland Timbers 2,United Soccer League,0.9,2.3,19.08
562,569,Pisa,Italy Serie B,0.63,1.86,18.86
563,560,Jubilo Iwata,Japanese J League,0.54,1.73,18.36
564,558,Maritzburg Utd,South African ABSA Premier League,0.48,1.64,18.17
565,567,Wycombe Wanderers,English League One,0.65,1.96,18.07
566,542,Kalmar FF,Swedish Allsvenskan,0.56,1.81,18.02
567,572,Brisbane Roar,Australian A-League,0.94,2.48,17.89
568,564,Bristol Rovers,English League One,0.53,1.77,17.71
569,578,Swindon Town,English League Two,0.67,2.04,17.64
570,574,LA Galaxy II,United Soccer League,0.87,2.39,17.63
571,563,New Mexico United,United Soccer League,0.84,2.34,17.45
572,565,Shrewsbury Town,English League One,0.52,1.78,17.4
573,576,Golden Arrows,South African ABSA Premier League,0.49,1.74,17.14
574,582,Tranmere Rovers,English League One,0.66,2.08,16.83
575,588,Hamilton Academical,Scottish Premiership,0.69,2.15,16.67
576,577,Chippa United,South African ABSA Premier League,0.45,1.7,16.6
577,579,AmaZulu,South African ABSA Premier League,0.53,1.87,16.58
578,583,Matsumoto Yamaga FC,Japanese J League,0.39,1.6,16.43
579,584,Charleston Battery,United Soccer League,0.62,2.06,16.29
580,585,Exeter City,English League Two,0.51,1.85,16.25
581,581,Trapani,Italy Serie B,0.55,1.96,15.86
582,575,Baroka FC,South African ABSA Premier League,0.46,1.81,15.55
583,580,Vasby United,Swedish Allsvenskan,0.62,2.13,15.53
584,590,Saint Louis FC,United Soccer League,0.56,2.05,15.16
585,586,Plymouth Argyle,English League Two,0.59,2.1,15.08
586,587,Scunthorpe,English League Two,0.65,2.23,15.04
587,602,Rochdale,English League One,0.54,2.03,14.98
588,589,Mansfield Town,English League Two,0.54,2.03,14.92
589,592,Central Coast Mariners,Australian A-League,0.77,2.46,14.88
590,591,Falkenbergs FF,Swedish Allsvenskan,0.59,2.18,14.43
591,597,Accrington Stanley,English League One,0.52,2.05,14.34
592,600,Black Leopards,South African ABSA Premier League,0.45,1.92,14.15
593,593,Salford City,English League Two,0.56,2.17,13.83
594,596,AFC Wimbledon,English League One,0.42,1.96,13.22
595,595,Charlotte Independence,United Soccer League,0.53,2.19,13.2
596,594,Oldham Athletic,English League Two,0.52,2.17,13.02
597,604,El Paso Locomotive FC,United Soccer League,0.35,1.84,12.81
598,599,Rio Grande Valley FC Toros,United Soccer League,0.56,2.33,12.37
599,607,Las Vegas Lights FC,United Soccer League,0.54,2.3,12.14
600,611,Loudoun United FC,United Soccer League,0.61,2.45,12.14
601,598,Southend United,English League One,0.57,2.39,12.03
602,606,Cheltenham Town,English League Two,0.47,2.21,11.77
603,608,Bethlehem Steel FC,United Soccer League,0.6,2.49,11.75
604,601,Bolton,English League One,0.51,2.31,11.59
605,610,Northampton Town,English League Two,0.5,2.29,11.55
606,605,Forest Green Rovers,English League Two,0.38,2.05,11.38
607,609,Birmingham Legion FC,United Soccer League,0.43,2.18,11.28
608,615,Grimsby Town,English League Two,0.41,2.18,10.86
609,613,Crewe Alexandra,English League Two,0.43,2.27,10.55
610,612,Carlisle United,English League Two,0.45,2.36,10.16
611,614,Colchester United,English League Two,0.35,2.13,10.12
612,617,Hartford Athletic,United Soccer League,0.68,2.92,9.73
613,616,Stellenbosch FC,South African ABSA Premier League,0.28,2.03,9.6
614,618,Newport County,English League Two,0.2,1.84,9.51
615,620,Stevenage,English League Two,0.26,2.09,8.74
616,622,Crawley Town,English League Two,0.35,2.36,8.52
617,619,Swope Park Rangers,United Soccer League,0.51,2.76,8.33
618,623,Leyton Orient,English League Two,0.33,2.33,8.28
619,621,Morecambe,English League Two,0.34,2.38,8.14
620,625,Memphis 901 FC,United Soccer League,0.25,2.21,7.83
621,624,Walsall,English League Two,0.24,2.26,7.29
622,627,Macclesfield,English League Two,0.24,2.29,7.1
623,626,Cambridge United,English League Two,0.2,2.19,7.03
624,632,Tacoma Defiance,United Soccer League,0.43,2.79,7.01
625,628,Tulsa Roughnecks,United Soccer League,0.39,2.7,6.99
626,629,Port Vale,English League Two,0.2,2.27,6.52
627,630,Colorado Springs Switchbacks FC,United Soccer League,0.2,2.43,5.71
628,631,Atlanta United 2,United Soccer League,0.38,2.98,5.46
